{"cameraMode":{"drawMode":0,"name":"Shaded","section":"Shading Mode"},"sceneLighting":true,"audioPlay":false,"sceneViewState":{"m_AlwaysRefresh":false,"showFog":true,"showSkybox":true,"showFlares":true,"showImageEffects":true,"showParticleSystems":true,"showVisualEffectGraphs":true,"m_FxEnabled":true},"in2DMode":false,"pivot":{"x":0.6028745174407959,"y":-1.5718649625778199,"z":-1.1835558414459229},"rotation":{"x":-0.017296403646469117,"y":-0.9557499885559082,"z":0.2881346046924591,"w":-0.05736197158694267},"size":4.4229044914245609,"orthographic":false}