{"cameraMode":{"drawMode":0,"name":"Shaded","section":"Shading Mode"},"sceneLighting":true,"audioPlay":false,"sceneViewState":{"m_AlwaysRefresh":false,"showFog":true,"showSkybox":true,"showFlares":true,"showImageEffects":true,"showParticleSystems":true,"showVisualEffectGraphs":true,"m_FxEnabled":true},"in2DMode":false,"pivot":{"x":0.11522437632083893,"y":-0.1466718465089798,"z":0.9145389795303345},"rotation":{"x":-0.04783197492361069,"y":0.9521557092666626,"z":-0.21073170006275178,"w":-0.2161211520433426},"size":9.046600341796875,"orthographic":false}