{"cameraMode":{"drawMode":0,"name":"Shaded","section":"Shading Mode"},"sceneLighting":true,"audioPlay":false,"sceneViewState":{"m_AlwaysRefresh":false,"showFog":true,"showSkybox":true,"showFlares":true,"showImageEffects":true,"showParticleSystems":true,"showVisualEffectGraphs":true,"m_FxEnabled":true},"in2DMode":false,"pivot":{"x":742.1329345703125,"y":310.6050109863281,"z":-16.543598175048829},"rotation":{"x":-0.011690245941281319,"y":0.01025649718940258,"z":0.0001167487062048167,"w":0.9999144077301025},"size":328.8759765625,"orthographic":false}