{"cameraMode":{"drawMode":0,"name":"Shaded","section":"Shading Mode"},"sceneLighting":true,"audioPlay":false,"sceneViewState":{"m_AlwaysRefresh":false,"showFog":true,"showSkybox":true,"showFlares":true,"showImageEffects":true,"showParticleSystems":true,"showVisualEffectGraphs":true,"m_FxEnabled":true},"in2DMode":false,"pivot":{"x":0.9692007303237915,"y":1.6710543632507325,"z":1.3645267486572266},"rotation":{"x":0.21489030122756959,"y":0.2388877123594284,"z":-0.05429837107658386,"w":0.9454138278961182},"size":407.0317077636719,"orthographic":true}