{"cameraMode":{"drawMode":0,"name":"Shaded","section":"Shading Mode"},"sceneLighting":true,"audioPlay":false,"sceneViewState":{"m_AlwaysRefresh":false,"showFog":true,"showSkybox":true,"showFlares":true,"showImageEffects":true,"showParticleSystems":true,"showVisualEffectGraphs":true,"m_FxEnabled":true},"in2DMode":false,"pivot":{"x":473.2919006347656,"y":323.8299865722656,"z":-4.880768775939941},"rotation":{"x":-0.049782685935497287,"y":0.017076564952731134,"z":-0.0009047255152836442,"w":-0.998666524887085},"size":295.0817565917969,"orthographic":false}