{"cameraMode":{"drawMode":0,"name":"Shaded","section":"Shading Mode"},"sceneLighting":true,"audioPlay":false,"sceneViewState":{"m_AlwaysRefresh":false,"showFog":true,"showSkybox":true,"showFlares":true,"showImageEffects":true,"showParticleSystems":true,"showVisualEffectGraphs":true,"m_FxEnabled":true},"in2DMode":false,"pivot":{"x":-5.2623186111450199,"y":6.581796646118164,"z":1.5754497051239014},"rotation":{"x":-0.1487301141023636,"y":-0.17931994795799256,"z":0.027392268180847169,"w":-0.972132682800293},"size":22.925094604492189,"orthographic":false}